concession,sample_id,sample_type,lat,lon,utm_zone,utm_easting,utm_northing,grade_g_t,page,source_pdf
amenam,AMPIT001,test_pit,6.408706,-1.038125,30N,716994.0,708799.0,0.79,106-109,AMENAM FEASIBILITY STUDY REPORT_ IGNITE MACHINERY RENTALS & MINING LIMITED - AMENAM CONCESSION211025.pdf
amenam,AMPIT002,test_pit,6.409015,-1.040835,30N,716694.0,708832.0,0.44,106-109,AMENAM FEASIBILITY STUDY REPORT_ IGNITE MACHINERY RENTALS & MINING LIMITED - AMENAM CONCESSION211025.pdf
amenam,AMPIT003,test_pit,6.409798,-1.039883,30N,716799.0,708919.0,1.0,106-109,AMENAM FEASIBILITY STUDY REPORT_ IGNITE MACHINERY RENTALS & MINING LIMITED - AMENAM CONCESSION211025.pdf
amenam,AMPIT004,test_pit,6.409489,-1.037146,30N,717102.0,708886.0,1.6,106-109,AMENAM FEASIBILITY STUDY REPORT_ IGNITE MACHINERY RENTALS & MINING LIMITED - AMENAM CONCESSION211025.pdf
amenam,AMPIT005,test_pit,6.410471,-1.038498,30N,716952.0,708994.0,0.1,106-109,AMENAM FEASIBILITY STUDY REPORT_ IGNITE MACHINERY RENTALS & MINING LIMITED - AMENAM CONCESSION211025.pdf
amenam,AMPIT006,test_pit,6.410346,-1.036727,30N,717148.0,708981.0,0.55,106-109,AMENAM FEASIBILITY STUDY REPORT_ IGNITE MACHINERY RENTALS & MINING LIMITED - AMENAM CONCESSION211025.pdf
amenam,AMPIT007,test_pit,6.411399,-1.037636,30N,717047.0,709097.0,0.0,106-109,AMENAM FEASIBILITY STUDY REPORT_ IGNITE MACHINERY RENTALS & MINING LIMITED - AMENAM CONCESSION211025.pdf
amenam,AMPIT008,test_pit,6.411828,-1.036297,30N,717195.0,709145.0,0.53,106-109,AMENAM FEASIBILITY STUDY REPORT_ IGNITE MACHINERY RENTALS & MINING LIMITED - AMENAM CONCESSION211025.pdf
amenam,AMPIT009,test_pit,6.410015,-1.035111,30N,717327.0,708945.0,0.51,106-109,AMENAM FEASIBILITY STUDY REPORT_ IGNITE MACHINERY RENTALS & MINING LIMITED - AMENAM CONCESSION211025.pdf
amenam,AMPIT010,test_pit,6.411286,-1.034265,30N,717420.0,709086.0,0.61,106-109,AMENAM FEASIBILITY STUDY REPORT_ IGNITE MACHINERY RENTALS & MINING LIMITED - AMENAM CONCESSION211025.pdf
amenam,AMPIT011,test_pit,6.412822,-1.036275,30N,717197.0,709255.0,1.13,106-109,AMENAM FEASIBILITY STUDY REPORT_ IGNITE MACHINERY RENTALS & MINING LIMITED - AMENAM CONCESSION211025.pdf
amenam,AMPIT012,test_pit,6.412395,-1.038211,30N,716983.0,709207.0,0.2,106-109,AMENAM FEASIBILITY STUDY REPORT_ IGNITE MACHINERY RENTALS & MINING LIMITED - AMENAM CONCESSION211025.pdf
amenam,AMPIT013,test_pit,6.413774,-1.036886,30N,717129.0,709360.0,1.37,106-109,AMENAM FEASIBILITY STUDY REPORT_ IGNITE MACHINERY RENTALS & MINING LIMITED - AMENAM CONCESSION211025.pdf
amenam,AMPIT014,test_pit,6.412996,-1.03923,30N,716870.0,709273.0,0.2,106-109,AMENAM FEASIBILITY STUDY REPORT_ IGNITE MACHINERY RENTALS & MINING LIMITED - AMENAM CONCESSION211025.pdf
amenam,AMPIT015,test_pit,6.415051,-1.037441,30N,717067.0,709501.0,0.79,106-109,AMENAM FEASIBILITY STUDY REPORT_ IGNITE MACHINERY RENTALS & MINING LIMITED - AMENAM CONCESSION211025.pdf
amenam,AMPIT016,test_pit,6.414113,-1.040599,30N,716718.0,709396.0,0.44,106-109,AMENAM FEASIBILITY STUDY REPORT_ IGNITE MACHINERY RENTALS & MINING LIMITED - AMENAM CONCESSION211025.pdf
amenam,AMPIT017,test_pit,6.416839,-1.039468,30N,716842.0,709698.0,1.3,106-109,AMENAM FEASIBILITY STUDY REPORT_ IGNITE MACHINERY RENTALS & MINING LIMITED - AMENAM CONCESSION211025.pdf
amenam,AMPIT018,test_pit,6.41618,-1.041929,30N,716570.0,709624.0,1.6,106-109,AMENAM FEASIBILITY STUDY REPORT_ IGNITE MACHINERY RENTALS & MINING LIMITED - AMENAM CONCESSION211025.pdf
amenam,AMPIT019,test_pit,6.415463,-1.041227,30N,716648.0,709545.0,0.71,106-109,AMENAM FEASIBILITY STUDY REPORT_ IGNITE MACHINERY RENTALS & MINING LIMITED - AMENAM CONCESSION211025.pdf
amenam,AMPIT020,test_pit,6.416035,-1.037275,30N,717085.0,709610.0,0.91,106-109,AMENAM FEASIBILITY STUDY REPORT_ IGNITE MACHINERY RENTALS & MINING LIMITED - AMENAM CONCESSION211025.pdf
amenam,AMPIT021,test_pit,6.414067,-1.035574,30N,717274.0,709393.0,1.6,106-109,AMENAM FEASIBILITY STUDY REPORT_ IGNITE MACHINERY RENTALS & MINING LIMITED - AMENAM CONCESSION211025.pdf
amenam,AMPIT022,test_pit,6.412073,-1.034308,30N,717415.0,709173.0,0.71,106-109,AMENAM FEASIBILITY STUDY REPORT_ IGNITE MACHINERY RENTALS & MINING LIMITED - AMENAM CONCESSION211025.pdf
amenam,AMPIT023,test_pit,6.413414,-1.032621,30N,717601.0,709322.0,0.15,106-109,AMENAM FEASIBILITY STUDY REPORT_ IGNITE MACHINERY RENTALS & MINING LIMITED - AMENAM CONCESSION211025.pdf
amenam,AMPIT024,test_pit,6.410243,-1.033275,30N,717530.0,708971.0,0.11,106-109,AMENAM FEASIBILITY STUDY REPORT_ IGNITE MACHINERY RENTALS & MINING LIMITED - AMENAM CONCESSION211025.pdf
amenam,AMPIT025,test_pit,6.411285,-1.031653,30N,717709.0,709087.0,0.53,106-109,AMENAM FEASIBILITY STUDY REPORT_ IGNITE MACHINERY RENTALS & MINING LIMITED - AMENAM CONCESSION211025.pdf
amenam,AMPIT026,test_pit,6.408758,-1.03282,30N,717581.0,708807.0,1.0,106-109,AMENAM FEASIBILITY STUDY REPORT_ IGNITE MACHINERY RENTALS & MINING LIMITED - AMENAM CONCESSION211025.pdf
amenam,AMPIT027,test_pit,6.409512,-1.029066,30N,717996.0,708892.0,0.79,106-109,AMENAM FEASIBILITY STUDY REPORT_ IGNITE MACHINERY RENTALS & MINING LIMITED - AMENAM CONCESSION211025.pdf
amenam,AMPIT028,test_pit,6.409559,-1.026961,30N,718229.0,708898.0,1.37,106-109,AMENAM FEASIBILITY STUDY REPORT_ IGNITE MACHINERY RENTALS & MINING LIMITED - AMENAM CONCESSION211025.pdf
amenam,AMPIT029,test_pit,6.409471,-1.025262,30N,718417.0,708889.0,0.54,106-109,AMENAM FEASIBILITY STUDY REPORT_ IGNITE MACHINERY RENTALS & MINING LIMITED - AMENAM CONCESSION211025.pdf
amenam,AMPIT030,test_pit,6.412802,-1.021616,30N,718819.0,709259.0,0.79,106-109,AMENAM FEASIBILITY STUDY REPORT_ IGNITE MACHINERY RENTALS & MINING LIMITED - AMENAM CONCESSION211025.pdf
amenam,AMPIT031,test_pit,6.414769,-1.02075,30N,718914.0,709477.0,0.2,106-109,AMENAM FEASIBILITY STUDY REPORT_ IGNITE MACHINERY RENTALS & MINING LIMITED - AMENAM CONCESSION211025.pdf
amenam,AMPIT032,test_pit,6.413252,-1.023548,30N,718605.0,709308.0,0.4,106-109,AMENAM FEASIBILITY STUDY REPORT_ IGNITE MACHINERY RENTALS & MINING LIMITED - AMENAM CONCESSION211025.pdf
amenam,AMPIT033,test_pit,6.414086,-1.024042,30N,718550.0,709400.0,1.6,106-109,AMENAM FEASIBILITY STUDY REPORT_ IGNITE MACHINERY RENTALS & MINING LIMITED - AMENAM CONCESSION211025.pdf
amenam,AMPIT034,test_pit,6.415227,-1.022104,30N,718764.0,709527.0,1.45,106-109,AMENAM FEASIBILITY STUDY REPORT_ IGNITE MACHINERY RENTALS & MINING LIMITED - AMENAM CONCESSION211025.pdf
amenam,AMPIT035,test_pit,6.415263,-1.024462,30N,718503.0,709530.0,0.0,106-109,AMENAM FEASIBILITY STUDY REPORT_ IGNITE MACHINERY RENTALS & MINING LIMITED - AMENAM CONCESSION211025.pdf
amenam,AMPIT036,test_pit,6.415987,-1.022399,30N,718731.0,709611.0,1.11,106-109,AMENAM FEASIBILITY STUDY REPORT_ IGNITE MACHINERY RENTALS & MINING LIMITED - AMENAM CONCESSION211025.pdf
amenam,AMPIT037,test_pit,6.416213,-1.024739,30N,718472.0,709635.0,1.43,106-109,AMENAM FEASIBILITY STUDY REPORT_ IGNITE MACHINERY RENTALS & MINING LIMITED - AMENAM CONCESSION211025.pdf
amenam,AMPIT038,test_pit,6.412854,-1.018805,30N,719130.0,709266.0,0.56,106-109,AMENAM FEASIBILITY STUDY REPORT_ IGNITE MACHINERY RENTALS & MINING LIMITED - AMENAM CONCESSION211025.pdf
amenam,AMPIT039,test_pit,6.414756,-1.019656,30N,719035.0,709476.0,3.45,106-109,AMENAM FEASIBILITY STUDY REPORT_ IGNITE MACHINERY RENTALS & MINING LIMITED - AMENAM CONCESSION211025.pdf
amenam,AMPIT040,test_pit,6.413635,-1.017266,30N,719300.0,709353.0,0.99,106-109,AMENAM FEASIBILITY STUDY REPORT_ IGNITE MACHINERY RENTALS & MINING LIMITED - AMENAM CONCESSION211025.pdf
amenam,AMPIT041,test_pit,6.415264,-1.017738,30N,719247.0,709533.0,1.45,106-109,AMENAM FEASIBILITY STUDY REPORT_ IGNITE MACHINERY RENTALS & MINING LIMITED - AMENAM CONCESSION211025.pdf
amenam,AMPIT042,test_pit,6.413829,-1.015927,30N,719448.0,709375.0,0.81,106-109,AMENAM FEASIBILITY STUDY REPORT_ IGNITE MACHINERY RENTALS & MINING LIMITED - AMENAM CONCESSION211025.pdf
amenam,AMPIT043,test_pit,6.415656,-1.016245,30N,719412.0,709577.0,1.11,106-109,AMENAM FEASIBILITY STUDY REPORT_ IGNITE MACHINERY RENTALS & MINING LIMITED - AMENAM CONCESSION211025.pdf
amenam,AMPIT044,test_pit,6.413759,-1.014337,30N,719624.0,709368.0,0.3,106-109,AMENAM FEASIBILITY STUDY REPORT_ IGNITE MACHINERY RENTALS & MINING LIMITED - AMENAM CONCESSION211025.pdf
amenam,AMPIT045,test_pit,6.416267,-1.015204,30N,719527.0,709645.0,1.41,106-109,AMENAM FEASIBILITY STUDY REPORT_ IGNITE MACHINERY RENTALS & MINING LIMITED - AMENAM CONCESSION211025.pdf
amenam,AMPIT046,test_pit,6.414715,-1.013836,30N,719679.0,709474.0,0.46,106-109,AMENAM FEASIBILITY STUDY REPORT_ IGNITE MACHINERY RENTALS & MINING LIMITED - AMENAM CONCESSION211025.pdf
amenam,AMPIT047,test_pit,6.416175,-1.01261,30N,719814.0,709636.0,0.54,106-109,AMENAM FEASIBILITY STUDY REPORT_ IGNITE MACHINERY RENTALS & MINING LIMITED - AMENAM CONCESSION211025.pdf
amenam,AMPIT048,test_pit,6.413122,-1.013345,30N,719734.0,709298.0,0.9,106-109,AMENAM FEASIBILITY STUDY REPORT_ IGNITE MACHINERY RENTALS & MINING LIMITED - AMENAM CONCESSION211025.pdf
amenam,AMPIT049,test_pit,6.413183,-1.010227,30N,720079.0,709306.0,0.8,106-109,AMENAM FEASIBILITY STUDY REPORT_ IGNITE MACHINERY RENTALS & MINING LIMITED - AMENAM CONCESSION211025.pdf
amenam,AMPIT050,test_pit,6.41434,-1.010304,30N,720070.0,709434.0,0.5,106-109,AMENAM FEASIBILITY STUDY REPORT_ IGNITE MACHINERY RENTALS & MINING LIMITED - AMENAM CONCESSION211025.pdf
amenam,AMPIT051,test_pit,6.415457,-1.011637,30N,719922.0,709557.0,0.0,106-109,AMENAM FEASIBILITY STUDY REPORT_ IGNITE MACHINERY RENTALS & MINING LIMITED - AMENAM CONCESSION211025.pdf
amenam,AMPIT052,test_pit,6.416554,-1.009934,30N,720110.0,709679.0,0.2,106-109,AMENAM FEASIBILITY STUDY REPORT_ IGNITE MACHINERY RENTALS & MINING LIMITED - AMENAM CONCESSION211025.pdf
amenam,AMPIT053,test_pit,6.418727,-1.010947,30N,719997.0,709919.0,1.1,106-109,AMENAM FEASIBILITY STUDY REPORT_ IGNITE MACHINERY RENTALS & MINING LIMITED - AMENAM CONCESSION211025.pdf
amenam,AMPIT054,test_pit,6.419202,-1.012174,30N,719861.0,709971.0,1.4,106-109,AMENAM FEASIBILITY STUDY REPORT_ IGNITE MACHINERY RENTALS & MINING LIMITED - AMENAM CONCESSION211025.pdf
amenam,AMPIT055,test_pit,6.419658,-1.010699,30N,720024.0,710022.0,0.67,106-109,AMENAM FEASIBILITY STUDY REPORT_ IGNITE MACHINERY RENTALS & MINING LIMITED - AMENAM CONCESSION211025.pdf
amenam,AMPIT056,test_pit,6.420121,-1.009079,30N,720203.0,710074.0,0.9,106-109,AMENAM FEASIBILITY STUDY REPORT_ IGNITE MACHINERY RENTALS & MINING LIMITED - AMENAM CONCESSION211025.pdf
amenam,AMPIT057,test_pit,6.418195,-1.00877,30N,720238.0,709861.0,1.2,106-109,AMENAM FEASIBILITY STUDY REPORT_ IGNITE MACHINERY RENTALS & MINING LIMITED - AMENAM CONCESSION211025.pdf
amenam,AMPIT058,test_pit,6.415998,-1.008743,30N,720242.0,709618.0,1.4,106-109,AMENAM FEASIBILITY STUDY REPORT_ IGNITE MACHINERY RENTALS & MINING LIMITED - AMENAM CONCESSION211025.pdf
amenam,AMPIT059,test_pit,6.417836,-1.0071,30N,720423.0,709822.0,0.1,106-109,AMENAM FEASIBILITY STUDY REPORT_ IGNITE MACHINERY RENTALS & MINING LIMITED - AMENAM CONCESSION211025.pdf
amenam,AMPIT060,test_pit,6.415016,-1.007373,30N,720394.0,709510.0,1.11,106-109,AMENAM FEASIBILITY STUDY REPORT_ IGNITE MACHINERY RENTALS & MINING LIMITED - AMENAM CONCESSION211025.pdf
amenam,AMPIT061,test_pit,6.415342,-1.005338,30N,720619.0,709547.0,0.4,106-109,AMENAM FEASIBILITY STUDY REPORT_ IGNITE MACHINERY RENTALS & MINING LIMITED - AMENAM CONCESSION211025.pdf
amenam,AMPIT062,test_pit,6.413588,-1.007478,30N,720383.0,709352.0,1.15,106-109,AMENAM FEASIBILITY STUDY REPORT_ IGNITE MACHINERY RENTALS & MINING LIMITED - AMENAM CONCESSION211025.pdf
amenam,AMPIT063,test_pit,6.413101,-1.0056,30N,720591.0,709299.0,4.11,106-109,AMENAM FEASIBILITY STUDY REPORT_ IGNITE MACHINERY RENTALS & MINING LIMITED - AMENAM CONCESSION211025.pdf
amenam,AMPIT064,test_pit,6.412638,-1.007418,30N,720390.0,709247.0,0.7,106-109,AMENAM FEASIBILITY STUDY REPORT_ IGNITE MACHINERY RENTALS & MINING LIMITED - AMENAM CONCESSION211025.pdf
amenam,AMPIT065,test_pit,6.415803,-0.970578,30N,724465.0,709613.0,0.0,106-109,AMENAM FEASIBILITY STUDY REPORT_ IGNITE MACHINERY RENTALS & MINING LIMITED - AMENAM CONCESSION211025.pdf
amenam,AMPIT066,test_pit,6.416228,-0.968335,30N,724713.0,709661.0,0.1,106-109,AMENAM FEASIBILITY STUDY REPORT_ IGNITE MACHINERY RENTALS & MINING LIMITED - AMENAM CONCESSION211025.pdf
amenam,AMPIT067,test_pit,6.414298,-0.969626,30N,724571.0,709447.0,0.5,106-109,AMENAM FEASIBILITY STUDY REPORT_ IGNITE MACHINERY RENTALS & MINING LIMITED - AMENAM CONCESSION211025.pdf
amenam,AMPIT068,test_pit,6.415253,-0.966405,30N,724927.0,709554.0,0.0,106-109,AMENAM FEASIBILITY STUDY REPORT_ IGNITE MACHINERY RENTALS & MINING LIMITED - AMENAM CONCESSION211025.pdf
amenam,AMPIT069,test_pit,6.413134,-0.967796,30N,724774.0,709319.0,0.0,106-109,AMENAM FEASIBILITY STUDY REPORT_ IGNITE MACHINERY RENTALS & MINING LIMITED - AMENAM CONCESSION211025.pdf
amenam,AMPIT070,test_pit,6.414034,-0.964476,30N,725141.0,709420.0,0.0,106-109,AMENAM FEASIBILITY STUDY REPORT_ IGNITE MACHINERY RENTALS & MINING LIMITED - AMENAM CONCESSION211025.pdf
amenam,AMPIT071,test_pit,6.411183,-0.966105,30N,724962.0,709104.0,0.0,106-109,AMENAM FEASIBILITY STUDY REPORT_ IGNITE MACHINERY RENTALS & MINING LIMITED - AMENAM CONCESSION211025.pdf
amenam,AMPIT072,test_pit,6.412299,-0.962413,30N,725370.0,709229.0,0.0,106-109,AMENAM FEASIBILITY STUDY REPORT_ IGNITE MACHINERY RENTALS & MINING LIMITED - AMENAM CONCESSION211025.pdf
amenam,AMPIT073,test_pit,6.409804,-0.964773,30N,725110.0,708952.0,0.0,106-109,AMENAM FEASIBILITY STUDY REPORT_ IGNITE MACHINERY RENTALS & MINING LIMITED - AMENAM CONCESSION211025.pdf
amenam,AMPIT074,test_pit,6.410498,-0.959845,30N,725655.0,709031.0,0.5,106-109,AMENAM FEASIBILITY STUDY REPORT_ IGNITE MACHINERY RENTALS & MINING LIMITED - AMENAM CONCESSION211025.pdf
amenam,AMPIT075,test_pit,6.408832,-0.963548,30N,725246.0,708845.0,0.0,106-109,AMENAM FEASIBILITY STUDY REPORT_ IGNITE MACHINERY RENTALS & MINING LIMITED - AMENAM CONCESSION211025.pdf
amenam,AMPIT076,test_pit,6.408652,-0.959436,30N,725701.0,708827.0,0.06,106-109,AMENAM FEASIBILITY STUDY REPORT_ IGNITE MACHINERY RENTALS & MINING LIMITED - AMENAM CONCESSION211025.pdf
amenam,AMPIT077,test_pit,6.416047,-0.954698,30N,726222.0,709647.0,0.2,106-109,AMENAM FEASIBILITY STUDY REPORT_ IGNITE MACHINERY RENTALS & MINING LIMITED - AMENAM CONCESSION211025.pdf
amenam,AMPIT078,test_pit,6.416508,-0.952401,30N,726476.0,709699.0,0.46,106-109,AMENAM FEASIBILITY STUDY REPORT_ IGNITE MACHINERY RENTALS & MINING LIMITED - AMENAM CONCESSION211025.pdf
amenam,AMPIT079,test_pit,6.41495,-0.953844,30N,726317.0,709526.0,1.2,106-109,AMENAM FEASIBILITY STUDY REPORT_ IGNITE MACHINERY RENTALS & MINING LIMITED - AMENAM CONCESSION211025.pdf
amenam,AMPIT080,test_pit,6.415692,-0.951925,30N,726529.0,709609.0,0.4,106-109,AMENAM FEASIBILITY STUDY REPORT_ IGNITE MACHINERY RENTALS & MINING LIMITED - AMENAM CONCESSION211025.pdf
amenam,AMPIT081,test_pit,6.413916,-0.953116,30N,726398.0,709412.0,1.9,106-109,AMENAM FEASIBILITY STUDY REPORT_ IGNITE MACHINERY RENTALS & MINING LIMITED - AMENAM CONCESSION211025.pdf
amenam,AMPIT082,test_pit,6.41529,-0.950897,30N,726643.0,709565.0,0.5,106-109,AMENAM FEASIBILITY STUDY REPORT_ IGNITE MACHINERY RENTALS & MINING LIMITED - AMENAM CONCESSION211025.pdf
amenam,AMPIT083,test_pit,6.413215,-0.951881,30N,726535.0,709335.0,0.9,106-109,AMENAM FEASIBILITY STUDY REPORT_ IGNITE MACHINERY RENTALS & MINING LIMITED - AMENAM CONCESSION211025.pdf
amenam,AMPIT084,test_pit,6.414852,-0.949877,30N,726756.0,709517.0,1.34,106-109,AMENAM FEASIBILITY STUDY REPORT_ IGNITE MACHINERY RENTALS & MINING LIMITED - AMENAM CONCESSION211025.pdf
amenam,AMPIT085,test_pit,6.412746,-0.949985,30N,726745.0,709284.0,0.6,106-109,AMENAM FEASIBILITY STUDY REPORT_ IGNITE MACHINERY RENTALS & MINING LIMITED - AMENAM CONCESSION211025.pdf
amenam,AMPIT086,test_pit,6.413513,-0.947316,30N,727040.0,709370.0,0.0,106-109,AMENAM FEASIBILITY STUDY REPORT_ IGNITE MACHINERY RENTALS & MINING LIMITED - AMENAM CONCESSION211025.pdf
amenam,AMPIT087,test_pit,6.415344,-0.948402,30N,726919.0,709572.0,0.85,106-109,AMENAM FEASIBILITY STUDY REPORT_ IGNITE MACHINERY RENTALS & MINING LIMITED - AMENAM CONCESSION211025.pdf
amenam,AMPIT088,test_pit,6.412617,-0.947058,30N,727069.0,709271.0,0.56,106-109,AMENAM FEASIBILITY STUDY REPORT_ IGNITE MACHINERY RENTALS & MINING LIMITED - AMENAM CONCESSION211025.pdf
amenam,AMPIT089,test_pit,6.415092,-0.946451,30N,727135.0,709545.0,0.0,106-109,AMENAM FEASIBILITY STUDY REPORT_ IGNITE MACHINERY RENTALS & MINING LIMITED - AMENAM CONCESSION211025.pdf
amenam,AMPIT090,test_pit,6.416028,-0.947658,30N,727001.0,709648.0,0.85,106-109,AMENAM FEASIBILITY STUDY REPORT_ IGNITE MACHINERY RENTALS & MINING LIMITED - AMENAM CONCESSION211025.pdf
amenam,AMPIT091,test_pit,6.415684,-0.945391,30N,727252.0,709611.0,3.1,106-109,AMENAM FEASIBILITY STUDY REPORT_ IGNITE MACHINERY RENTALS & MINING LIMITED - AMENAM CONCESSION211025.pdf
amenam,AMPIT092,test_pit,6.41642,-0.946301,30N,727151.0,709692.0,0.73,106-109,AMENAM FEASIBILITY STUDY REPORT_ IGNITE MACHINERY RENTALS & MINING LIMITED - AMENAM CONCESSION211025.pdf
amenam,AMPIT093,test_pit,6.415232,-0.942998,30N,727517.0,709562.0,1.5,106-109,AMENAM FEASIBILITY STUDY REPORT_ IGNITE MACHINERY RENTALS & MINING LIMITED - AMENAM CONCESSION211025.pdf
amenam,AMPIT094,test_pit,6.416338,-0.941711,30N,727659.0,709685.0,1.17,106-109,AMENAM FEASIBILITY STUDY REPORT_ IGNITE MACHINERY RENTALS & MINING LIMITED - AMENAM CONCESSION211025.pdf
amenam,AMPIT095,test_pit,6.414377,-0.941908,30N,727638.0,709468.0,1.4,106-109,AMENAM FEASIBILITY STUDY REPORT_ IGNITE MACHINERY RENTALS & MINING LIMITED - AMENAM CONCESSION211025.pdf
oworam,OWPT001,test_pit,5.932508,-0.575751,30N,768402.0,656331.0,0.81,104-107,FEASIBILITY STUDY REPORT_ OWORAM GOLD PROJECT _IGNITE MACHINERY_080126.pdf
oworam,OWPT002,test_pit,5.931422,-0.575377,30N,768444.0,656211.0,0.74,104-107,FEASIBILITY STUDY REPORT_ OWORAM GOLD PROJECT _IGNITE MACHINERY_080126.pdf
oworam,OWPT003,test_pit,5.931016,-0.575685,30N,768410.0,656166.0,0.53,104-107,FEASIBILITY STUDY REPORT_ OWORAM GOLD PROJECT _IGNITE MACHINERY_080126.pdf
oworam,OWPT004,test_pit,5.931909,-0.575167,30N,768467.0,656265.0,0.7,104-107,FEASIBILITY STUDY REPORT_ OWORAM GOLD PROJECT _IGNITE MACHINERY_080126.pdf
oworam,OWPT005,test_pit,5.932028,-0.575536,30N,768426.0,656278.0,0.47,104-107,FEASIBILITY STUDY REPORT_ OWORAM GOLD PROJECT _IGNITE MACHINERY_080126.pdf
oworam,OWPT006,test_pit,5.931622,-0.575665,30N,768412.0,656233.0,0.58,104-107,FEASIBILITY STUDY REPORT_ OWORAM GOLD PROJECT _IGNITE MACHINERY_080126.pdf
oworam,OWPT007,test_pit,5.931163,-0.576064,30N,768368.0,656182.0,0.85,104-107,FEASIBILITY STUDY REPORT_ OWORAM GOLD PROJECT _IGNITE MACHINERY_080126.pdf
oworam,OWPT008,test_pit,5.932391,-0.575968,30N,768378.0,656318.0,0.62,104-107,FEASIBILITY STUDY REPORT_ OWORAM GOLD PROJECT _IGNITE MACHINERY_080126.pdf
oworam,OWPT009,test_pit,5.933827,-0.575655,30N,768412.0,656477.0,0.76,104-107,FEASIBILITY STUDY REPORT_ OWORAM GOLD PROJECT _IGNITE MACHINERY_080126.pdf
oworam,OWPT010,test_pit,5.933798,-0.575267,30N,768455.0,656474.0,0.52,104-107,FEASIBILITY STUDY REPORT_ OWORAM GOLD PROJECT _IGNITE MACHINERY_080126.pdf
oworam,OWPT011,test_pit,5.933067,-0.575523,30N,768427.0,656393.0,0.46,104-107,FEASIBILITY STUDY REPORT_ OWORAM GOLD PROJECT _IGNITE MACHINERY_080126.pdf
oworam,OWPT012,test_pit,5.934567,-0.575327,30N,768448.0,656559.0,0.39,104-107,FEASIBILITY STUDY REPORT_ OWORAM GOLD PROJECT _IGNITE MACHINERY_080126.pdf
oworam,OWPT013,test_pit,5.934778,-0.576048,30N,768368.0,656582.0,0.59,104-107,FEASIBILITY STUDY REPORT_ OWORAM GOLD PROJECT _IGNITE MACHINERY_080126.pdf
oworam,OWPT014,test_pit,5.934451,-0.57567,30N,768410.0,656546.0,0.46,104-107,FEASIBILITY STUDY REPORT_ OWORAM GOLD PROJECT _IGNITE MACHINERY_080126.pdf
oworam,OWPT015,test_pit,5.933394,-0.575747,30N,768402.0,656429.0,0.64,104-107,FEASIBILITY STUDY REPORT_ OWORAM GOLD PROJECT _IGNITE MACHINERY_080126.pdf
oworam,OWPT016,test_pit,5.936818,-0.575461,30N,768432.0,656808.0,0.18,104-107,FEASIBILITY STUDY REPORT_ OWORAM GOLD PROJECT _IGNITE MACHINERY_080126.pdf
oworam,OWPT017,test_pit,5.934976,-0.575876,30N,768387.0,656604.0,0.2,104-107,FEASIBILITY STUDY REPORT_ OWORAM GOLD PROJECT _IGNITE MACHINERY_080126.pdf
oworam,OWPT018,test_pit,5.935277,-0.57656,30N,768311.0,656637.0,0.19,104-107,FEASIBILITY STUDY REPORT_ OWORAM GOLD PROJECT _IGNITE MACHINERY_080126.pdf
oworam,OWPT019,test_pit,5.935683,-0.576369,30N,768332.0,656682.0,0.81,104-107,FEASIBILITY STUDY REPORT_ OWORAM GOLD PROJECT _IGNITE MACHINERY_080126.pdf
oworam,OWPT020,test_pit,5.935365,-0.575982,30N,768375.0,656647.0,0.19,104-107,FEASIBILITY STUDY REPORT_ OWORAM GOLD PROJECT _IGNITE MACHINERY_080126.pdf
oworam,OWPT021,test_pit,5.935064,-0.575261,30N,768455.0,656614.0,0.2,104-107,FEASIBILITY STUDY REPORT_ OWORAM GOLD PROJECT _IGNITE MACHINERY_080126.pdf
oworam,OWPT022,test_pit,5.935542,-0.575187,30N,768463.0,656667.0,0.17,104-107,FEASIBILITY STUDY REPORT_ OWORAM GOLD PROJECT _IGNITE MACHINERY_080126.pdf
oworam,OWPT023,test_pit,5.93612,-0.575121,30N,768470.0,656731.0,1.2,104-107,FEASIBILITY STUDY REPORT_ OWORAM GOLD PROJECT _IGNITE MACHINERY_080126.pdf
oworam,OWPT024,test_pit,5.936698,-0.574974,30N,768486.0,656795.0,0.19,104-107,FEASIBILITY STUDY REPORT_ OWORAM GOLD PROJECT _IGNITE MACHINERY_080126.pdf
oworam,OWPT025,test_pit,5.93652,-0.575643,30N,768412.0,656775.0,0.76,104-107,FEASIBILITY STUDY REPORT_ OWORAM GOLD PROJECT _IGNITE MACHINERY_080126.pdf
oworam,OWPT026,test_pit,5.936582,-0.57521,30N,768460.0,656782.0,0.21,104-107,FEASIBILITY STUDY REPORT_ OWORAM GOLD PROJECT _IGNITE MACHINERY_080126.pdf
oworam,OWPT027,test_pit,5.936104,-0.575383,30N,768441.0,656729.0,0.2,104-107,FEASIBILITY STUDY REPORT_ OWORAM GOLD PROJECT _IGNITE MACHINERY_080126.pdf
oworam,OWPT028,test_pit,5.935579,-0.575376,30N,768442.0,656671.0,0.9,104-107,FEASIBILITY STUDY REPORT_ OWORAM GOLD PROJECT _IGNITE MACHINERY_080126.pdf
oworam,OWPT029,test_pit,5.935263,-0.575441,30N,768435.0,656636.0,0.98,104-107,FEASIBILITY STUDY REPORT_ OWORAM GOLD PROJECT _IGNITE MACHINERY_080126.pdf
oworam,OWPT030,test_pit,5.935491,-0.575864,30N,768388.0,656661.0,1.1,104-107,FEASIBILITY STUDY REPORT_ OWORAM GOLD PROJECT _IGNITE MACHINERY_080126.pdf
oworam,OWPT031,test_pit,5.935945,-0.576287,30N,768341.0,656711.0,0.0,104-107,FEASIBILITY STUDY REPORT_ OWORAM GOLD PROJECT _IGNITE MACHINERY_080126.pdf
oworam,OWPT032,test_pit,5.935315,-0.57684,30N,768280.0,656641.0,0.0,104-107,FEASIBILITY STUDY REPORT_ OWORAM GOLD PROJECT _IGNITE MACHINERY_080126.pdf
oworam,OWPT033,test_pit,5.929287,-0.577074,30N,768257.0,655974.0,1.51,104-107,FEASIBILITY STUDY REPORT_ OWORAM GOLD PROJECT _IGNITE MACHINERY_080126.pdf
oworam,OWPT034,test_pit,5.929756,-0.576909,30N,768275.0,656026.0,1.01,104-107,FEASIBILITY STUDY REPORT_ OWORAM GOLD PROJECT _IGNITE MACHINERY_080126.pdf
oworam,OWPT035,test_pit,5.929781,-0.576431,30N,768328.0,656029.0,0.0,104-107,FEASIBILITY STUDY REPORT_ OWORAM GOLD PROJECT _IGNITE MACHINERY_080126.pdf
oworam,OWPT036,test_pit,5.929579,-0.575755,30N,768403.0,656007.0,1.12,104-107,FEASIBILITY STUDY REPORT_ OWORAM GOLD PROJECT _IGNITE MACHINERY_080126.pdf
oworam,OWPT037,test_pit,5.930456,-0.575597,30N,768420.0,656104.0,1.03,104-107,FEASIBILITY STUDY REPORT_ OWORAM GOLD PROJECT _IGNITE MACHINERY_080126.pdf
oworam,OWPT038,test_pit,5.930403,-0.575932,30N,768383.0,656098.0,1.46,104-107,FEASIBILITY STUDY REPORT_ OWORAM GOLD PROJECT _IGNITE MACHINERY_080126.pdf
oworam,OWPT039,test_pit,5.92996,-0.575979,30N,768378.0,656049.0,0.81,104-107,FEASIBILITY STUDY REPORT_ OWORAM GOLD PROJECT _IGNITE MACHINERY_080126.pdf
oworam,OWPT040,test_pit,5.929618,-0.576278,30N,768345.0,656011.0,0.74,104-107,FEASIBILITY STUDY REPORT_ OWORAM GOLD PROJECT _IGNITE MACHINERY_080126.pdf
oworam,OWPT041,test_pit,5.930164,-0.57716,30N,768247.0,656071.0,0.96,104-107,FEASIBILITY STUDY REPORT_ OWORAM GOLD PROJECT _IGNITE MACHINERY_080126.pdf
oworam,OWPT042,test_pit,5.929388,-0.577353,30N,768226.0,655985.0,0.0,104-107,FEASIBILITY STUDY REPORT_ OWORAM GOLD PROJECT _IGNITE MACHINERY_080126.pdf
oworam,OWPT043,test_pit,5.926879,-0.578303,30N,768122.0,655707.0,0.47,104-107,FEASIBILITY STUDY REPORT_ OWORAM GOLD PROJECT _IGNITE MACHINERY_080126.pdf
oworam,OWPT044,test_pit,5.924539,-0.578403,30N,768112.0,655448.0,0.0,104-107,FEASIBILITY STUDY REPORT_ OWORAM GOLD PROJECT _IGNITE MACHINERY_080126.pdf
oworam,OWPT045,test_pit,5.925208,-0.578527,30N,768098.0,655522.0,0.81,104-107,FEASIBILITY STUDY REPORT_ OWORAM GOLD PROJECT _IGNITE MACHINERY_080126.pdf
oworam,OWPT046,test_pit,5.926085,-0.578541,30N,768096.0,655619.0,0.72,104-107,FEASIBILITY STUDY REPORT_ OWORAM GOLD PROJECT _IGNITE MACHINERY_080126.pdf
oworam,OWPT047,test_pit,5.927193,-0.577706,30N,768188.0,655742.0,0.0,104-107,FEASIBILITY STUDY REPORT_ OWORAM GOLD PROJECT _IGNITE MACHINERY_080126.pdf
oworam,OWPT048,test_pit,5.927788,-0.57736,30N,768226.0,655808.0,0.54,104-107,FEASIBILITY STUDY REPORT_ OWORAM GOLD PROJECT _IGNITE MACHINERY_080126.pdf
oworam,OWPT049,test_pit,5.928089,-0.578108,30N,768143.0,655841.0,0.94,104-107,FEASIBILITY STUDY REPORT_ OWORAM GOLD PROJECT _IGNITE MACHINERY_080126.pdf
oworam,OWPT050,test_pit,5.928604,-0.578043,30N,768150.0,655898.0,0.63,104-107,FEASIBILITY STUDY REPORT_ OWORAM GOLD PROJECT _IGNITE MACHINERY_080126.pdf
oworam,OWPT051,test_pit,5.928303,-0.577421,30N,768219.0,655865.0,0.6,104-107,FEASIBILITY STUDY REPORT_ OWORAM GOLD PROJECT _IGNITE MACHINERY_080126.pdf
oworam,OWPT052,test_pit,5.928581,-0.576914,30N,768275.0,655896.0,0.8,104-107,FEASIBILITY STUDY REPORT_ OWORAM GOLD PROJECT _IGNITE MACHINERY_080126.pdf
oworam,OWPT053,test_pit,5.928827,-0.57722,30N,768241.0,655923.0,0.9,104-107,FEASIBILITY STUDY REPORT_ OWORAM GOLD PROJECT _IGNITE MACHINERY_080126.pdf
oworam,OWPT054,test_pit,5.928611,-0.577465,30N,768214.0,655899.0,0.16,104-107,FEASIBILITY STUDY REPORT_ OWORAM GOLD PROJECT _IGNITE MACHINERY_080126.pdf
oworam,OWPT055,test_pit,5.92893,-0.57815,30N,768138.0,655934.0,0.6,104-107,FEASIBILITY STUDY REPORT_ OWORAM GOLD PROJECT _IGNITE MACHINERY_080126.pdf
oworam,OWPT056,test_pit,5.927746,-0.578164,30N,768137.0,655803.0,0.7,104-107,FEASIBILITY STUDY REPORT_ OWORAM GOLD PROJECT _IGNITE MACHINERY_080126.pdf
oworam,OWPT057,test_pit,5.927698,-0.577568,30N,768203.0,655798.0,0.87,104-107,FEASIBILITY STUDY REPORT_ OWORAM GOLD PROJECT _IGNITE MACHINERY_080126.pdf
oworam,OWPT058,test_pit,5.927528,-0.577777,30N,768180.0,655779.0,0.93,104-107,FEASIBILITY STUDY REPORT_ OWORAM GOLD PROJECT _IGNITE MACHINERY_080126.pdf
oworam,OWPT059,test_pit,5.927259,-0.578455,30N,768105.0,655749.0,0.91,104-107,FEASIBILITY STUDY REPORT_ OWORAM GOLD PROJECT _IGNITE MACHINERY_080126.pdf
oworam,OWPT060,test_pit,5.923924,-0.57837,30N,768116.0,655380.0,1.02,104-107,FEASIBILITY STUDY REPORT_ OWORAM GOLD PROJECT _IGNITE MACHINERY_080126.pdf
oworam,OWPT061,test_pit,5.924151,-0.578631,30N,768087.0,655405.0,0.82,104-107,FEASIBILITY STUDY REPORT_ OWORAM GOLD PROJECT _IGNITE MACHINERY_080126.pdf
oworam,OWPT062,test_pit,5.919972,-0.580003,30N,767937.0,654942.0,1.22,104-107,FEASIBILITY STUDY REPORT_ OWORAM GOLD PROJECT _IGNITE MACHINERY_080126.pdf
oworam,OWPT063,test_pit,5.920399,-0.580561,30N,767875.0,654989.0,0.91,104-107,FEASIBILITY STUDY REPORT_ OWORAM GOLD PROJECT _IGNITE MACHINERY_080126.pdf
oworam,OWPT064,test_pit,5.92106,-0.580639,30N,767866.0,655062.0,0.67,104-107,FEASIBILITY STUDY REPORT_ OWORAM GOLD PROJECT _IGNITE MACHINERY_080126.pdf
oworam,OWPT065,test_pit,5.923096,-0.581253,30N,767797.0,655287.0,0.72,104-107,FEASIBILITY STUDY REPORT_ OWORAM GOLD PROJECT _IGNITE MACHINERY_080126.pdf
oworam,OWPT066,test_pit,5.923437,-0.580629,30N,767866.0,655325.0,0.86,104-107,FEASIBILITY STUDY REPORT_ OWORAM GOLD PROJECT _IGNITE MACHINERY_080126.pdf
oworam,OWPT067,test_pit,5.923396,-0.579537,30N,767987.0,655321.0,0.29,104-107,FEASIBILITY STUDY REPORT_ OWORAM GOLD PROJECT _IGNITE MACHINERY_080126.pdf
oworam,OWPT068,test_pit,5.923448,-0.58127,30N,767795.0,655326.0,0.82,104-107,FEASIBILITY STUDY REPORT_ OWORAM GOLD PROJECT _IGNITE MACHINERY_080126.pdf
oworam,OWPT069,test_pit,5.920834,-0.58073,30N,767856.0,655037.0,0.51,104-107,FEASIBILITY STUDY REPORT_ OWORAM GOLD PROJECT _IGNITE MACHINERY_080126.pdf
oworam,OWPT070,test_pit,5.920274,-0.58085,30N,767843.0,654975.0,1.6,104-107,FEASIBILITY STUDY REPORT_ OWORAM GOLD PROJECT _IGNITE MACHINERY_080126.pdf
oworam,OWPT071,test_pit,5.919856,-0.580247,30N,767910.0,654929.0,0.61,104-107,FEASIBILITY STUDY REPORT_ OWORAM GOLD PROJECT _IGNITE MACHINERY_080126.pdf
oworam,OWPT072,test_pit,5.923741,-0.582063,30N,767707.0,655358.0,0.8,104-107,FEASIBILITY STUDY REPORT_ OWORAM GOLD PROJECT _IGNITE MACHINERY_080126.pdf
oworam,OWPT073,test_pit,5.926854,-0.578863,30N,768060.0,655704.0,0.29,104-107,FEASIBILITY STUDY REPORT_ OWORAM GOLD PROJECT _IGNITE MACHINERY_080126.pdf
oworam,OWPT074,test_pit,5.926956,-0.57925,30N,768017.0,655715.0,0.1,104-107,FEASIBILITY STUDY REPORT_ OWORAM GOLD PROJECT _IGNITE MACHINERY_080126.pdf
oworam,OWPT075,test_pit,5.926087,-0.57902,30N,768043.0,655619.0,0.62,104-107,FEASIBILITY STUDY REPORT_ OWORAM GOLD PROJECT _IGNITE MACHINERY_080126.pdf
oworam,OWPT076,test_pit,5.925346,-0.579095,30N,768035.0,655537.0,0.71,104-107,FEASIBILITY STUDY REPORT_ OWORAM GOLD PROJECT _IGNITE MACHINERY_080126.pdf
oworam,OWPT077,test_pit,5.924586,-0.578828,30N,768065.0,655453.0,1.0,104-107,FEASIBILITY STUDY REPORT_ OWORAM GOLD PROJECT _IGNITE MACHINERY_080126.pdf
oworam,OWPT078,test_pit,5.924318,-0.579704,30N,767968.0,655423.0,0.77,104-107,FEASIBILITY STUDY REPORT_ OWORAM GOLD PROJECT _IGNITE MACHINERY_080126.pdf
oworam,OWPT079,test_pit,5.923613,-0.579599,30N,767980.0,655345.0,0.5,104-107,FEASIBILITY STUDY REPORT_ OWORAM GOLD PROJECT _IGNITE MACHINERY_080126.pdf
oworam,OWPT080,test_pit,5.923763,-0.580772,30N,767850.0,655361.0,1.0,104-107,FEASIBILITY STUDY REPORT_ OWORAM GOLD PROJECT _IGNITE MACHINERY_080126.pdf
oworam,OWPT081,test_pit,5.923984,-0.581845,30N,767731.0,655385.0,0.0,104-107,FEASIBILITY STUDY REPORT_ OWORAM GOLD PROJECT _IGNITE MACHINERY_080126.pdf
oworam,OWPT082,test_pit,5.924127,-0.579452,30N,767996.0,655402.0,0.0,104-107,FEASIBILITY STUDY REPORT_ OWORAM GOLD PROJECT _IGNITE MACHINERY_080126.pdf
oworam,OWPT083,test_pit,5.921343,-0.581468,30N,767774.0,655093.0,0.78,104-107,FEASIBILITY STUDY REPORT_ OWORAM GOLD PROJECT _IGNITE MACHINERY_080126.pdf
oworam,OWPT084,test_pit,5.921221,-0.582435,30N,767667.0,655079.0,0.11,104-107,FEASIBILITY STUDY REPORT_ OWORAM GOLD PROJECT _IGNITE MACHINERY_080126.pdf
oworam,OWPT085,test_pit,5.921819,-0.582685,30N,767639.0,655145.0,0.82,104-107,FEASIBILITY STUDY REPORT_ OWORAM GOLD PROJECT _IGNITE MACHINERY_080126.pdf
oworam,OWPT086,test_pit,5.922696,-0.582753,30N,767631.0,655242.0,0.07,104-107,FEASIBILITY STUDY REPORT_ OWORAM GOLD PROJECT _IGNITE MACHINERY_080126.pdf
oworam,OWPT087,test_pit,5.923472,-0.582443,30N,767665.0,655328.0,0.93,104-107,FEASIBILITY STUDY REPORT_ OWORAM GOLD PROJECT _IGNITE MACHINERY_080126.pdf
oworam,OWPT088,test_pit,5.923591,-0.582777,30N,767628.0,655341.0,0.95,104-107,FEASIBILITY STUDY REPORT_ OWORAM GOLD PROJECT _IGNITE MACHINERY_080126.pdf
oworam,OWPT089,test_pit,5.922841,-0.582996,30N,767604.0,655258.0,1.15,104-107,FEASIBILITY STUDY REPORT_ OWORAM GOLD PROJECT _IGNITE MACHINERY_080126.pdf
oworam,OWPT090,test_pit,5.920969,-0.582779,30N,767629.0,655051.0,1.05,104-107,FEASIBILITY STUDY REPORT_ OWORAM GOLD PROJECT _IGNITE MACHINERY_080126.pdf
oworam,OWPT091,test_pit,5.921064,-0.581722,30N,767746.0,655062.0,0.64,104-107,FEASIBILITY STUDY REPORT_ OWORAM GOLD PROJECT _IGNITE MACHINERY_080126.pdf
oworam,OWPT092,test_pit,5.921583,-0.582478,30N,767662.0,655119.0,0.0,104-107,FEASIBILITY STUDY REPORT_ OWORAM GOLD PROJECT _IGNITE MACHINERY_080126.pdf
oworam,OWPT093,test_pit,5.92174,-0.583236,30N,767578.0,655136.0,0.82,104-107,FEASIBILITY STUDY REPORT_ OWORAM GOLD PROJECT _IGNITE MACHINERY_080126.pdf
oworam,OWPT094,test_pit,5.922146,-0.58318,30N,767584.0,655181.0,0.0,104-107,FEASIBILITY STUDY REPORT_ OWORAM GOLD PROJECT _IGNITE MACHINERY_080126.pdf
pemeso_aspire,PE-001,soil_sample,5.626241,-1.916469,30N,620000,622000,1.2,17-20,pemeso_grey_dew_summary.md (extracted from grey_dew_pemeso_merged.pdf)
pemeso_aspire,PE-002,soil_sample,5.627149,-1.918273,30N,619800,622100,0.78,17-20,pemeso_grey_dew_summary.md (extracted from grey_dew_pemeso_merged.pdf)
pemeso_aspire,PE-003,soil_sample,5.625334,-1.914665,30N,620200,621900,0.65,17-20,pemeso_grey_dew_summary.md (extracted from grey_dew_pemeso_merged.pdf)
pemeso_aspire,PE-004,soil_sample,5.628057,-1.920077,30N,619600,622200,0.54,17-20,pemeso_grey_dew_summary.md (extracted from grey_dew_pemeso_merged.pdf)
pemeso_aspire,PE-005,soil_sample,5.624426,-1.912861,30N,620400,621800,0.43,17-20,pemeso_grey_dew_summary.md (extracted from grey_dew_pemeso_merged.pdf)
pemeso_aspire,PE-006,soil_sample,5.62353,-1.917377,30N,619900,621700,0.38,17-20,pemeso_grey_dew_summary.md (extracted from grey_dew_pemeso_merged.pdf)
pemeso_aspire,PE-007,soil_sample,5.628953,-1.915561,30N,620100,622300,0.32,17-20,pemeso_grey_dew_summary.md (extracted from grey_dew_pemeso_merged.pdf)
pemeso_aspire,PE-008,soil_sample,5.624437,-1.91918,30N,619700,621800,0.29,17-20,pemeso_grey_dew_summary.md (extracted from grey_dew_pemeso_merged.pdf)
pemeso_aspire,PE-009,soil_sample,5.626236,-1.91376,30N,620300,622000,0.25,17-20,pemeso_grey_dew_summary.md (extracted from grey_dew_pemeso_merged.pdf)
pemeso_aspire,PE-010,soil_sample,5.622615,-1.911961,30N,620500,621600,0.21,17-20,pemeso_grey_dew_summary.md (extracted from grey_dew_pemeso_merged.pdf)
pemeso_aspire,PE-011,soil_sample,5.627154,-1.920981,30N,619500,622100,0.19,17-20,pemeso_grey_dew_summary.md (extracted from grey_dew_pemeso_merged.pdf)
pemeso_aspire,PE-012,soil_sample,5.621709,-1.91106,30N,620600,621500,0.17,17-20,pemeso_grey_dew_summary.md (extracted from grey_dew_pemeso_merged.pdf)
pemeso_aspire,PE-013,soil_sample,5.626251,-1.921886,30N,619400,622000,0.16,17-20,pemeso_grey_dew_summary.md (extracted from grey_dew_pemeso_merged.pdf)
pemeso_aspire,PE-014,soil_sample,5.621719,-1.916477,30N,620000,621500,0.14,17-20,pemeso_grey_dew_summary.md (extracted from grey_dew_pemeso_merged.pdf)
pemeso_aspire,PE-015,soil_sample,5.620803,-1.910159,30N,620700,621400,0.13,17-20,pemeso_grey_dew_summary.md (extracted from grey_dew_pemeso_merged.pdf)
